tVal2,tVal3,tVal4,tVal5,tVal6,tVal7,ax,ay,az,gx,gy,gz,face
1,1,1,0,1,0,-0.06,0.53,0.57,21264.64,29973.79,15969.95,6
1,1,1,0,1,1,-0.26,1.08,0.05,-6129.81,-22452.90,16826.55,0
1,1,1,0,1,0,-0.43,0.93,0.56,3958.49,16382.74,-20751.63,6
1,1,1,0,1,1,0.09,0.87,-0.20,-44946.36,-34881.93,36129.84,0
1,1,0,0,1,1,-0.51,1.15,-0.08,17845.40,22586.52,-10918.65,3
1,1,1,0,1,0,0.36,0.74,-0.05,-23972.82,-14349.81,-32006.72,6
1,1,1,0,1,1,0.01,1.08,-0.26,17967.09,19267.50,32269.18,0
1,1,0,0,1,1,-0.25,1.03,-0.41,-12374.15,-33657.87,16802.69,3
1,1,0,0,1,1,-0.35,0.82,0.02,44648.11,50102.66,8709.15,3
1,1,1,0,1,0,-0.03,0.78,0.20,-25848.28,-11016.48,-30126.49,6
1,1,1,0,1,1,0.02,1.04,-0.24,-18859.48,-26979.27,8950.14,0
1,1,0,0,1,1,-0.47,0.94,0.01,15700.33,29725.63,26931.55,3
1,1,1,0,1,1,0.18,0.76,-0.08,11987.61,32746.40,-36817.03,0
1,1,1,0,1,0,0.27,0.85,-0.01,-9007.41,-22667.65,23378.69,6
1,1,0,0,1,1,-0.52,0.86,0.07,11388.70,-2930.09,36454.35,3
1,1,0,0,1,1,-0.45,0.86,0.16,-6244.34,4230.50,-27936.08,3
1,1,1,0,1,1,0.04,0.89,-0.30,-24540.71,-45879.32,-4318.78,0
0,1,0,0,1,1,-0.40,1.05,-0.39,18885.73,19444.07,133.62,3
1,1,1,0,1,1,0.17,0.89,-0.20,-2316.87,7034.13,-28997.88,0
0,1,1,0,1,1,0.01,0.96,-0.30,-12366.99,-22715.37,24810.34,0
0,1,0,0,1,1,-0.47,0.95,-0.25,23948.96,39627.82,20501.10,3
1,1,1,0,1,1,-0.16,0.86,0.05,4428.54,25201.65,-32457.68,0
1,1,1,0,1,0,0.47,0.86,-0.13,-32240.55,-46991.22,-6647.59,6
0,1,1,0,1,1,-0.19,0.99,-0.64,-14430.94,4881.90,37425.48,0
1,1,0,0,1,1,-0.61,0.69,0.06,14717.27,63402.60,16218.10,3
1,1,0,0,1,1,-0.30,0.78,0.01,-11264.63,-20088.31,-21610.62,3
1,1,0,0,1,1,-0.82,0.95,-0.16,20147.96,4910.53,16499.66,3
1,1,1,0,1,1,0.25,0.76,-0.11,27022.22,40532.14,-49322.41,0
1,1,1,0,1,1,0.13,0.94,0.02,-44299.74,-64784.13,-3758.06,0
0,1,1,0,1,1,0.09,0.93,-0.53,-15898.37,591.74,34423.80,0
1,1,0,0,1,1,-0.58,0.87,-0.25,21173.97,32646.18,13956.11,3
1,1,1,0,1,1,0.04,0.80,-0.21,-11138.17,-42211.93,-36327.89,0
0,1,0,0,1,1,-0.52,0.96,-0.51,-911.48,9890.25,1309.95,3
1,1,0,0,1,1,-0.17,0.81,-0.23,26103.58,43118.64,16969.71,3
1,1,0,0,1,1,-0.75,0.92,-0.02,-5461.71,-21992.39,-20491.55,3
1,1,0,0,1,1,-0.12,0.90,-0.47,-10274.41,-35681.26,-37053.25,3
0,1,1,0,0,1,0.28,0.94,-0.31,45254.16,42538.82,-6339.78,0
1,1,1,0,1,0,-0.05,0.87,0.15,3715.11,-1011.69,36196.65,6
1,1,1,0,1,1,0.04,0.91,-0.32,-18367.95,-35106.22,-15867.35,0
0,1,1,0,1,1,-0.15,0.99,-0.38,34211.44,56010.56,13552.87,0
1,1,0,0,1,1,-0.50,1.04,-0.07,2166.55,10756.39,1071.34,3
1,1,1,0,1,1,0.36,0.85,-0.05,17702.24,15950.86,-35330.51,0
1,1,1,0,1,1,0.26,0.96,-0.33,-50618.05,-47074.73,7869.25,0
0,1,1,0,0,1,0.12,0.90,-0.71,-12693.88,4500.12,27957.56,0
0,1,0,0,1,1,-0.37,0.87,-0.53,20384.18,53529.05,23984.76,3
1,1,1,0,1,1,-0.23,0.84,-0.07,24414.25,42777.43,-34984.53,0
1,1,1,0,1,0,0.21,0.89,0.16,-22083.06,-53629.27,-15170.62,6
1,1,1,0,1,1,0.24,0.94,-0.40,-36826.57,-41061.84,11326.67,0
0,1,1,0,1,1,0.03,0.73,-0.36,19541.90,41240.80,20336.46,0
0,1,0,0,1,1,-0.44,1.03,-0.61,10627.55,109.76,4958.25,3
1,1,1,0,1,1,0.19,0.84,-0.31,10684.81,-4619.43,-32078.30,0
1,1,1,0,1,1,0.05,1.01,-0.13,24438.11,50894.83,20157.50,0
1,1,0,0,1,0,-0.41,0.95,0.06,-10722.99,-36311.18,3171.08,6
1,1,1,0,1,1,0.13,0.84,-0.23,-31341.00,-28611.34,6907.67,0
1,1,0,0,1,1,-0.69,0.82,-0.30,17630.66,43032.74,12219.05,3
1,1,0,0,1,1,-0.30,0.79,-0.04,-13655.47,-29589.63,-48799.86,3
0,1,0,0,1,1,-0.15,0.95,-0.34,-22469.60,-41367.26,-14955.87,3
0,1,1,0,0,1,0.31,0.94,-0.67,42040.13,41696.54,-13049.41,0
1,1,1,0,1,1,0.26,0.92,-0.18,20978.31,46826.59,6685.76,0
1,1,1,0,1,1,-0.16,1.04,0.00,-12741.60,-44910.57,-14182.79,0
1,1,1,0,1,1,0.50,0.88,-0.20,-24034.86,-46704.89,-17778.59,0
1,1,1,0,1,1,0.36,0.93,-0.16,39782.91,49460.80,4982.11,0
1,1,1,0,1,0,0.33,0.78,0.21,44101.70,36998.37,29639.74,6
1,1,1,0,1,0,-0.02,0.96,0.03,-25607.28,-51014.13,31267.04,6
1,1,1,0,1,1,-0.09,0.99,-0.36,-24170.87,-41164.45,-24144.62,0
0,1,1,0,0,1,0.33,0.90,-0.59,-15106.20,-4044.39,12362.22,0
0,1,1,0,1,1,-0.38,0.88,-0.48,21374.40,33815.36,19291.36,0
1,1,0,0,1,1,-0.19,0.90,-0.28,19.09,5485.57,-9529.96,3
1,1,1,0,1,1,-0.12,0.86,0.19,24419.02,3536.15,-6790.75,0
1,1,1,0,1,1,0.12,0.84,-0.13,-47475.59,-41908.90,-3872.59,0
0,1,1,0,1,1,-0.22,1.04,-0.93,11178.73,7506.57,-8742.55,0
1,1,1,0,1,1,0.31,0.89,-0.36,38375.13,19260.34,3507.52,0
1,1,0,0,1,1,-0.41,0.87,0.06,15540.46,18628.03,21016.49,3
1,1,1,0,1,1,0.13,0.97,-0.36,-36938.72,-39456.02,-18372.72,0
1,1,1,0,1,1,-0.03,0.91,-0.21,65153.97,52603.25,-15335.26,0
1,1,1,0,1,0,0.34,0.86,0.19,14158.93,-2741.59,21710.83,6
1,1,1,0,1,0,-0.18,0.95,0.15,-40832.78,-42562.68,-16848.03,6
1,1,1,0,1,1,0.26,0.92,-0.28,-25204.04,-31066.61,-23027.94,0
0,1,1,0,0,1,0.37,0.95,-0.56,38150.84,21283.73,-25349.59,0
1,1,1,0,0,1,0.31,0.91,-0.16,-8420.43,-1319.50,51307.62,0
1,1,0,0,1,1,-0.18,1.02,-0.23,-16933.92,-32767.87,-9868.78,3
0,1,1,0,1,1,-0.33,1.08,-0.65,1717.97,27895.52,40794.61,0
1,1,0,0,1,1,-0.51,0.98,-0.17,9152.96,37165.39,19837.77,3
1,1,1,0,1,1,-0.07,0.84,-0.07,-21930.35,-29456.01,-50097.88,0
0,1,1,0,0,1,0.20,1.02,-0.52,-9680.28,-29188.77,-8534.96,0
1,1,1,0,0,1,0.67,0.78,-0.12,29176.84,26010.53,-5242.19,0
1,1,1,0,0,1,0.30,0.99,-0.23,24712.51,14328.34,37769.07,0
1,1,1,0,1,0,0.10,0.89,0.09,-11099.99,-19587.23,-35359.14,6
1,1,1,0,0,1,0.51,0.83,-0.21,-32359.85,-42407.59,11364.84,0
1,1,1,0,1,1,-0.24,0.99,-0.25,19871.17,18313.07,43779.57,0
1,1,1,0,1,1,-0.34,0.87,0.28,12173.72,27091.42,-27730.88,0
1,1,1,0,0,1,0.46,0.81,-0.19,-38076.87,-34170.88,-11906.48,0
0,1,1,0,1,1,-0.15,1.10,-0.53,-5227.88,-8413.28,30584.62,0
1,1,1,0,1,1,-0.21,1.03,-0.11,15077.56,32259.64,-12565.03,0
1,1,1,0,1,1,-0.29,0.78,0.19,-13874.99,1620.14,-33877.39,0
1,1,1,0,1,1,0.33,0.86,-0.13,-21753.78,-34848.52,-9102.85,0
0,1,1,0,1,1,0.02,1.10,-0.43,48938.25,37418.32,-22643.79,0
1,1,1,0,0,1,0.49,0.81,0.07,12185.65,14096.89,17554.30,0
1,1,1,0,1,0,0.13,0.88,0.15,28310.70,23676.95,30677.68,6
1,1,1,0,1,1,-0.03,1.02,-0.12,-24815.11,-28515.90,12493.45,0
1,1,1,0,1,1,0.06,0.96,-0.09,-3569.56,-15779.07,-10298.27,0
0,1,1,0,1,1,0.05,0.92,-0.35,-1925.56,1011.69,43777.19,0
1,1,0,0,1,1,-0.55,0.98,-0.24,5120.50,5623.96,9630.17,3
1,1,1,0,1,1,0.08,0.95,-0.46,-15306.63,-30324.54,-22202.36,0
0,1,1,0,0,1,0.40,0.93,-0.26,16074.94,21348.15,-11885.00,0
1,1,1,0,1,1,0.35,0.81,0.00,44800.81,36635.69,23431.19,0
1,1,1,0,1,0,0.06,0.92,0.04,-16740.65,-40930.61,20054.90,6
1,1,0,0,1,1,-0.45,0.97,0.06,-1799.10,-16067.78,-27709.41,3
1,1,1,0,1,1,0.11,0.98,-0.21,1336.20,5211.17,-26208.57,0
1,1,1,0,1,1,0.15,0.96,-0.04,30816.07,32326.45,14624.21,0
1,1,1,0,1,0,0.17,0.84,0.18,-41899.36,-47728.52,-12278.71,6
0,1,1,0,1,1,0.06,1.09,-0.18,42567.45,20646.65,13517.08,0
1,1,1,0,1,0,-0.21,0.84,0.33,-10073.98,-3908.38,-1255.07,6
1,1,1,0,1,1,0.08,1.02,-0.17,-32247.71,-19902.19,-8227.16,0
0,1,1,0,1,1,-0.29,1.11,-0.82,-6776.43,-5192.08,9646.87,0
1,1,0,0,1,1,-0.06,0.81,-0.23,39930.85,41916.05,-8012.42,3
1,1,0,0,1,1,-0.55,1.00,-0.01,-2629.45,-12712.97,9362.93,3
1,1,1,0,1,0,-0.02,0.83,0.22,-742.07,-11441.20,-46008.16,6
1,1,1,0,0,1,0.35,0.95,-0.16,-923.41,19238.87,25254.14,0
1,1,1,0,1,1,-0.18,1.01,0.13,17124.81,36053.49,-150.32,0

1,1,1,0,1,0,0.36,0.80,-0.09,-24273.47,-58671.03,-10780.25,6
0,1,1,0,1,1,-0.00,1.00,-0.35,-7205.93,-4481.04,32321.68,0
1,1,0,0,1,1,-0.46,0.95,-0.06,23638.78,29639.74,-539.25,3
1,1,1,0,1,0,0.17,0.90,-0.03,-6867.10,-3960.87,-26807.47,6
1,1,1,0,1,1,-0.04,1.05,-0.11,5418.76,9553.82,-1033.17,0
1,1,1,0,1,1,0.03,0.98,-0.16,-7007.88,-11109.53,-7222.63,0
1,1,1,0,1,1,0.21,0.90,-0.04,7921.75,1748.99,3684.09,0
1,1,1,0,1,1,0.08,0.99,-0.06,570.27,162.25,5237.42,0
1,1,1,0,1,1,0.03,0.97,-0.11,4206.64,3977.58,-4540.69,0
1,1,1,0,1,1,0.04,1.01,-0.07,4368.89,3424.01,-5149.13,0
1,1,1,0,1,1,0.20,0.96,-0.02,7115.25,6101.18,-10009.56,0
1,1,1,0,1,0,0.36,0.91,0.03,12214.28,15065.63,-11727.52,6
1,1,1,0,1,0,0.44,0.87,0.08,1016.46,-603.68,-9720.84,6
1,1,1,0,0,0,0.43,0.90,-0.02,3715.11,6237.18,-6010.51,6
1,1,1,0,0,1,0.68,0.75,0.01,11450.74,7888.34,-13225.97,0
1,1,1,0,0,1,0.72,0.67,0.07,15769.52,14232.90,-9310.44,4
1,1,1,0,0,1,0.86,0.56,-0.04,20644.26,26287.31,-16523.52,4
1,1,1,0,0,1,0.94,0.34,-0.22,10739.69,21336.22,-13075.65,4
1,1,1,0,0,1,1.00,0.29,-0.32,1567.65,6640.43,-2273.92,4
1,1,1,0,0,1,0.96,0.26,-0.42,-1169.17,5788.60,3626.82,4
1,1,1,0,0,1,0.92,0.34,-0.45,-140.78,634.69,1958.96,4
0,1,1,0,0,1,0.89,0.45,-0.42,-1185.88,-15101.42,18012.43,4
1,1,1,0,0,1,0.95,0.50,-0.29,-3378.67,-32219.08,31233.63,4
1,1,1,0,0,1,0.38,0.83,0.03,-21617.78,-44948.75,42779.81,0
1,1,1,0,1,1,0.15,0.99,-0.18,-6425.68,-3051.78,9515.64,0
0,1,1,0,1,1,-0.21,0.98,-0.31,1419.71,9560.97,2488.67,0
1,1,1,0,1,1,-0.04,0.98,-0.24,2145.08,-57.27,-563.11,0
1,1,1,0,1,1,0.02,0.96,-0.17,2789.31,496.30,1629.68,0
1,1,1,0,1,1,-0.04,0.97,-0.17,2672.40,2025.77,-1188.26,0
1,1,1,0,1,1,-0.07,0.98,-0.17,2457.65,-1417.32,1400.62,0
1,1,1,0,1,1,-0.01,1.00,-0.16,3681.70,-76.35,33.40,0
1,1,1,0,1,1,-0.07,0.99,-0.16,1434.03,-954.43,-1603.44,0
1,1,1,0,1,1,-0.03,0.97,-0.11,1648.77,-1159.63,279.17,0
1,1,1,0,1,1,0.00,0.98,-0.13,3044.62,1224.05,-243.38,0
1,1,1,0,1,1,0.01,0.98,-0.12,1376.76,1033.17,-455.74,0
1,1,1,0,1,1,0.03,0.98,-0.16,1438.80,-345.98,-498.69,0
1,1,1,0,1,1,-0.01,0.97,-0.17,1374.38,-1558.10,174.18,0
1,1,1,0,1,1,-0.11,1.02,-0.06,23662.64,16552.15,3758.06,0
1,1,1,0,1,1,0.27,0.89,-0.26,-32667.66,-41338.63,-9797.20,0
1,1,1,0,1,1,-0.34,1.09,-0.14,17747.57,19155.35,29751.88,0
1,1,0,0,1,1,-0.48,1.01,-0.03,-899.55,13898.85,-668.10,3
1,1,1,0,1,1,-0.02,0.92,-0.12,-12147.47,-32576.99,-12164.17,0
1,1,1,0,1,1,0.12,0.86,0.03,30186.15,54922.51,-15752.82,0
1,1,1,0,0,1,0.53,0.84,-0.39,-36320.73,-45590.60,17752.35,0
0,1,1,0,1,1,-0.02,0.92,-0.28,3555.24,-4705.33,34884.31,0
1,1,0,0,1,1,-0.72,0.94,-0.23,25492.75,44590.84,21524.72,3
1,1,1,0,1,0,-0.32,0.90,0.18,-4838.95,16535.45,-23557.65,6
1,1,1,0,1,1,-0.02,0.96,-0.31,-17077.09,-49875.98,-4989.27,0
1,1,1,0,1,1,-0.22,1.01,-0.16,34779.33,40806.54,-18969.24,0
1,1,1,0,1,1,0.53,0.91,-0.29,-40773.13,-44640.95,-9.54,0
0,1,1,0,1,1,-0.05,0.97,-0.41,-22758.32,-17900.28,26370.82,0
0,1,0,0,1,1,-0.23,0.83,-0.40,41873.11,55387.80,2555.48,3
1,1,0,0,1,1,-0.26,0.93,-0.09,5235.03,-13860.67,7403.97,3
1,1,1,0,1,1,-0.08,0.89,-0.49,-13691.26,-26967.34,-27322.87,0
0,1,1,0,0,1,0.27,0.92,-0.49,31899.34,32949.21,-8188.99,0
1,1,1,0,1,1,-0.19,0.97,-0.15,38671.00,35340.05,31636.88,0
1,1,0,0,1,0,-0.31,0.91,0.32,-3824.87,-565.50,-28010.05,6
1,1,1,0,1,0,0.32,0.87,0.03,-31247.95,-51138.21,-25192.11,6
1,1,1,0,0,1,0.37,1.03,-0.80,-54967.85,-14855.66,9310.44,0
0,1,1,0,1,1,-0.06,0.66,-0.55,-1875.45,47928.95,37425.48,0
0,1,0,0,1,1,-0.40,0.82,-0.82,10868.54,-27642.60,-32266.80,1
0,1,1,0,0,1,0.35,0.73,-0.68,27840.64,22586.52,-9596.77,1
0,1,1,0,1,1,0.25,0.89,-0.45,-20298.28,-36074.96,19152.97,0
1,1,0,0,1,1,-0.26,0.97,-0.45,20252.95,24607.52,-13450.27,3
1,1,1,0,1,1,0.22,0.76,0.15,15182.55,15399.68,-9114.78,0
0,1,1,0,1,1,0.07,0.94,-0.36,-24908.16,-5509.43,8795.05,0
0,1,0,0,1,1,-0.21,0.72,-0.31,-24514.46,-7162.98,17480.33,3
0,1,0,0,1,1,-0.28,0.82,-0.92,-17279.90,-7489.87,1722.74,1
0,1,1,0,1,1,-0.11,0.77,-0.70,28339.33,-3779.53,-17093.79,0
0,1,1,0,1,1,0.09,0.88,-0.46,18897.66,9591.99,-651.40,0
0,1,1,0,1,1,-0.06,1.06,-0.42,3018.38,3218.81,5588.17,0
0,1,0,0,1,1,-0.08,0.90,-0.31,1257.46,6015.28,5108.57,3
0,1,0,0,1,1,-0.41,1.03,-0.60,-22741.61,-9274.65,12364.60,3
0,1,0,0,1,1,-0.06,0.82,-0.60,12751.15,2130.76,-2159.39,3
0,1,0,0,1,1,-0.36,0.84,-0.51,90.67,-400.86,-1364.83,3
0,1,1,0,1,1,-0.06,0.73,-0.85,-35170.64,-20486.78,10563.12,1
0,1,0,0,1,1,-0.07,0.76,-0.46,59033.71,33891.71,-14748.29,3
1,1,1,0,1,1,-0.01,0.90,-0.21,11887.39,14712.50,-3600.58,0
1,1,1,0,1,1,0.09,0.76,-0.04,11717.98,31221.70,-51362.50,0
1,1,1,0,1,1,0.17,1.02,-0.17,-33877.39,-29926.06,14753.06,0
0,1,1,0,1,1,-0.09,0.95,-0.62,-7981.40,7718.93,21119.09,0
1,1,0,0,1,1,-0.21,1.00,-0.25,27857.34,30090.70,-11944.66,3
1,1,1,0,1,0,-0.11,0.96,0.19,17194.01,14764.99,-19203.08,6
1,1,1,0,1,0,0.20,0.89,0.22,-27191.63,-9639.71,-32970.69,6
1,1,1,0,0,1,0.29,1.00,-0.32,-52722.56,-32314.52,48141.31,0
0,1,1,0,1,1,-0.06,0.84,-0.59,-3342.88,8429.98,43414.51,0
1,1,0,0,1,1,-0.48,0.85,-0.28,28861.88,30372.26,-6184.69,3
1,1,0,0,1,1,-0.34,0.99,0.09,16976.87,29699.39,-30782.66,3
1,1,1,0,1,1,0.07,0.96,-0.06,-30164.67,-8429.98,-27785.76,0
1,1,1,0,0,1,0.30,0.92,-0.35,-21734.69,-30906.74,14524.00,0
0,1,1,0,0,1,0.29,1.01,-0.54,2171.32,10176.58,13140.08,0
1,1,1,0,1,1,-0.09,0.88,-0.33,32395.64,38744.97,-65065.69,0
1,1,1,0,0,1,0.49,0.83,0.07,35876.92,11892.16,26745.44,0
1,1,1,0,1,0,0.03,0.91,0.12,-20878.10,-27783.38,23230.76,6
1,1,1,0,1,1,-0.26,1.06,-0.22,-28966.87,-24796.02,536.87,0
0,1,1,0,1,1,0.06,0.95,-0.52,3352.43,6964.93,-30873.33,0
1,1,1,0,0,1,0.55,0.78,-0.17,23266.55,29246.04,-16294.46,0
1,1,1,0,1,1,0.21,0.95,0.05,34113.61,20169.43,9577.68,0
1,1,1,0,1,1,0.07,1.04,-0.12,-25280.39,-42670.05,21822.98,0
0,1,1,0,1,1,0.07,0.94,-0.27,1765.69,-1958.96,5755.20,0
1,1,1,0,1,1,-0.24,0.92,0.08,30539.29,33142.48,26284.93,0
1,1,1,0,1,1,-0.14,1.00,0.12,16490.12,26709.64,-30668.13,0
1,1,1,0,1,0,0.07,1.00,-0.03,-37845.43,-33092.38,16039.15,6
0,1,1,0,1,1,-0.20,1.00,-0.44,-6914.83,-15936.55,24946.34,0
0,1,0,0,1,1,-0.24,0.91,-0.40,3319.02,-5196.86,-14650.46,3
1,1,1,0,1,1,0.24,1.05,-0.04,24044.41,14497.75,-29448.85,0
1,1,1,0,0,1,0.44,0.67,-0.39,-66461.54,-19732.78,31071.38,0
0,1,1,0,1,1,0.05,0.94,-0.90,8890.49,7828.69,24524.01,0
1,1,0,0,1,1,-0.17,0.88,-0.18,45946.12,36115.52,5077.55,3
1,1,1,0,1,1,0.20,0.75,-0.08,6785.98,23770.01,-48470.59,0
1,1,1,0,1,0,0.37,0.99,0.22,33660.26,21675.04,-2734.43,6
1,1,1,0,1,0,0.16,0.93,0.14,7358.63,-22975.45,26339.80,6
1,1,1,0,1,1,-0.25,0.93,0.17,-23371.54,-14617.05,-14574.10,0
1,1,1,0,1,0,0.35,0.85,0.14,29453.62,11651.17,3922.70,6
1,1,1,0,1,0,-0.05,0.83,0.44,-18620.88,-4075.40,651.40,6
1,1,1,0,1,1,0.12,0.92,-0.20,-42049.68,-9432.13,13094.74,0
0,1,1,0,1,1,0.07,1.16,-0.48,-1002.15,-7475.55,-42968.31,0
1,1,1,0,0,1,0.57,0.72,-0.12,43796.28,13521.85,-5251.74,0
1,1,1,0,1,0,0.06,0.93,0.34,16998.35,-17115.27,27513.75,6
1,1,1,0,1,0,0.02,1.04,0.24,-24213.82,-18663.82,-7089.01,6

1,1,1,0,1,1,-0.08,1.00,-0.24,-37730.89,-25268.46,6895.74,0
0,1,1,0,1,1,0.32,0.87,-0.50,16633.28,6881.42,-38895.29,0
1,1,1,0,1,1,0.35,0.88,-0.11,491.53,-1536.63,-1589.12,0
0,1,1,0,0,1,0.29,0.88,-0.53,-20310.21,-8811.75,17423.07,0
0,1,1,0,1,1,0.07,0.93,-0.52,1737.06,2980.20,33564.82,0
1,1,1,0,1,1,-0.14,0.83,-0.19,49496.59,45161.11,-2975.43,0
1,1,1,0,1,1,0.03,0.99,0.01,14855.66,9336.68,-8353.62,0
1,1,1,0,1,1,-0.24,0.84,-0.03,-37857.36,-39028.91,5306.62,0
0,1,1,0,1,1,-0.05,0.85,-0.71,-13352.44,1939.87,15099.04,0
1,1,0,0,1,1,-0.51,0.84,-0.43,25514.22,36206.20,8289.20,3
1,1,0,0,1,1,-0.45,1.00,-0.03,28587.48,22507.78,-14528.77,3
1,1,1,0,1,0,0.04,0.75,0.22,5359.11,34132.70,-35294.72,6
1,1,1,0,1,0,0.10,0.96,0.31,-9100.46,-3338.11,-19021.73,6
1,1,1,0,1,0,0.66,0.78,0.10,-14161.31,-7060.38,-22335.98,6
1,1,1,0,0,0,0.71,0.72,0.03,-45917.49,-29539.52,13777.16,6
1,1,1,0,0,1,0.50,0.86,-0.24,-34378.47,-6492.49,21076.14,0
0,1,1,0,1,1,0.23,0.92,-0.41,31954.22,18697.23,9997.62,0
0,1,1,0,1,1,0.07,0.88,-0.30,9525.18,41391.12,-293.49,0
0,1,1,0,1,1,0.20,0.99,-0.14,-2345.50,17043.68,-8499.17,0
0,1,1,0,1,1,0.07,0.97,-0.29,-1777.62,19205.46,-233.83,0
1,1,1,0,1,1,0.21,0.95,-0.37,16762.13,-3655.46,-31018.88,0
0,1,1,0,1,1,0.34,0.95,-0.21,13354.82,12915.79,-1811.03,0
1,1,1,0,1,1,0.24,0.97,-0.05,928.18,2622.29,-3920.31,0
1,1,1,0,0,0,0.39,0.81,-0.03,5538.06,23376.31,4235.27,6
1,1,1,0,1,1,0.25,0.92,-0.13,6051.07,14564.56,5819.62,0
0,1,1,0,1,1,0.28,1.06,-0.27,1851.59,-3736.58,2393.23,0
1,1,1,0,1,0,0.28,0.86,0.04,6151.28,8179.44,396.09,6
1,1,1,0,1,1,0.20,0.99,-0.09,4220.95,6000.96,4454.79,0
1,1,1,0,1,1,0.08,0.93,-0.17,-1763.30,8532.58,8119.79,0
1,1,1,0,1,1,0.24,0.89,-0.10,-2698.64,8296.36,-2001.91,0
1,1,1,0,1,1,-0.35,1.01,-0.12,17356.26,-27885.98,20541.66,0
1,1,1,0,1,1,0.08,0.98,-0.19,-11138.17,17151.06,-15662.15,0
0,1,1,0,1,1,-0.02,0.97,-0.24,5476.03,-188.50,811.26,0
1,1,1,0,1,1,0.08,0.98,-0.19,2376.52,1660.70,-1865.91,0
0,1,1,0,1,1,0.05,0.98,-0.23,2479.12,2359.82,-1131.00,0
1,1,1,0,1,1,0.04,0.97,-0.15,3187.79,708.66,-1646.39,0
1,1,1,0,1,1,0.06,0.97,-0.22,773.09,-162.25,-663.33,0
0,1,1,0,1,1,0.04,0.99,-0.20,2588.88,-291.10,-434.26,0
1,1,1,0,1,1,0.08,0.99,-0.17,257.70,-897.16,1054.64,0
0,1,1,0,1,1,0.06,0.98,-0.23,3044.62,193.27,-434.26,0
1,1,1,0,1,1,0.06,0.96,-0.17,1083.27,-858.98,283.94,0
0,1,1,0,1,1,0.04,0.98,-0.18,6554.53,-3509.91,3326.18,0
0,1,1,0,1,1,0.09,0.98,-0.21,429.49,31.02,-2054.40,0
1,1,1,0,1,1,0.03,0.98,-0.20,-746.84,-2190.41,1197.81,0
0,1,1,0,1,1,0.04,0.95,-0.25,12335.97,-9119.55,10038.19,0
1,1,1,0,1,1,0.19,0.80,-0.00,11830.12,45719.45,-51873.12,0
1,1,1,0,0,1,0.49,0.88,-0.23,-22133.17,-20367.48,40427.15,0
0,1,1,0,1,1,-0.26,1.07,-0.33,25700.34,-23767.62,26938.71,0
1,1,1,0,1,0,-0.20,0.77,0.41,26270.61,25106.21,-20016.72,6
1,1,1,0,1,0,0.40,0.77,0.20,-30932.99,31095.24,-24552.64,6
1,1,1,0,1,1,0.09,1.01,-0.44,-15669.31,-26862.35,33242.70,0
1,1,1,0,1,1,0.01,0.96,-0.03,35227.91,10680.04,-5079.94,0
1,1,1,0,1,0,0.20,0.84,-0.04,-47313.34,50417.62,-22481.53,6
0,1,1,0,0,1,0.62,0.81,-0.71,-5998.58,-11231.22,14602.74,1
0,1,1,0,1,1,-0.16,0.88,-0.71,17714.17,-46521.17,55738.55,0
1,1,0,0,1,1,-0.27,1.00,-0.23,27990.96,4948.71,2588.88,3
1,1,1,0,1,0,0.22,0.62,0.38,-22748.77,-17587.71,17623.50,6
0,1,0,0,1,1,-0.47,0.86,-0.46,-19790.05,-17120.04,-226.68,3
0,1,1,0,1,1,0.09,0.97,-0.90,3719.88,36824.19,-25791.01,0
0,1,1,0,1,1,-0.12,0.97,-0.34,25743.29,19592.00,-29448.85,0
0,1,1,0,1,1,0.38,0.77,-0.16,31431.67,8530.19,-36411.40,0
1,1,1,0,0,0,0.45,0.83,0.17,7704.61,-61133.45,29718.48,6
1,1,1,0,1,1,-0.29,0.97,0.02,-55922.28,-14173.24,9890.25,0
0,1,0,0,1,1,-0.10,0.91,-0.78,-8279.66,30176.60,-24889.08,3
0,1,1,0,0,1,0.61,0.83,-0.57,-11737.07,-13874.99,19009.80,0
0,1,0,0,1,1,-0.29,0.91,-0.68,36726.36,-21479.38,29396.36,3
1,1,0,0,1,1,-0.42,0.90,-0.15,41274.20,20837.53,858.98,3
1,1,1,0,1,0,0.23,0.72,0.46,5325.70,50620.43,-15886.44,6
1,1,1,0,1,0,0.66,0.91,0.12,-9556.20,38823.71,-5101.41,6
1,1,1,0,1,1,0.16,1.03,-0.09,31861.17,-24166.10,19031.28,0
1,1,1,0,1,0,-0.34,0.74,0.72,-5645.44,26282.54,-18138.89,6
1,1,1,0,0,1,0.51,0.76,0.08,-34750.70,48110.29,-15056.09,0
0,1,1,0,0,1,0.56,0.76,-0.42,-10176.58,-35151.55,43085.23,0
0,1,1,0,1,1,-0.01,0.95,-0.44,12135.54,-42226.25,27048.47,0
1,1,0,0,1,1,-0.53,1.05,-0.08,26177.55,6819.38,-26394.68,3
1,1,1,0,0,1,0.73,0.78,-0.10,2383.68,8434.75,-23529.02,0
1,1,1,0,1,1,-0.03,0.86,-0.31,-4915.30,-40164.68,65573.92,0
1,1,0,0,1,1,-0.95,1.04,0.04,12672.41,26573.64,-19670.74,3
1,1,1,0,1,1,0.51,0.57,-0.01,26836.11,27427.85,-68322.67,0
1,1,1,0,1,0,0.49,0.77,-0.07,-4838.95,-44927.27,74454.87,6
1,1,0,0,1,1,-0.46,1.12,0.16,34430.96,5094.26,-11815.81,3
1,1,1,0,1,0,0.00,0.60,0.73,44287.81,18635.19,-8971.62,6
1,1,1,0,1,1,0.31,0.05,0.10,-78184.29,22729.68,-25578.65,4
0,1,1,0,1,1,0.07,0.97,-0.77,-20176.59,-10627.55,46184.73,0
0,1,1,0,1,1,-0.13,0.82,-0.54,57795.34,18494.41,29081.40,0
1,1,0,0,1,1,-0.39,0.88,0.02,13548.09,26511.60,-47069.96,3
1,1,1,0,0,1,0.80,0.80,-0.12,11515.16,37945.64,-7718.93,0
1,1,1,0,1,1,0.08,0.78,-0.10,-8704.38,-76003.42,63867.88,0
1,1,0,0,1,1,-0.33,0.95,-0.38,-13770.00,-21822.98,16642.82,3
1,1,0,0,1,1,-0.35,0.93,-0.36,61928.01,52018.67,-43688.91,3
1,1,1,0,1,0,-0.09,0.66,0.72,-26134.60,-348.37,-21715.61,6
1,1,1,0,1,1,-0.01,0.90,-0.37,-63116.27,66702.53,-19596.78,0
1,1,1,0,0,1,0.51,0.62,-0.15,72242.98,-40419.99,-23142.47,0
1,1,1,0,0,0,0.73,0.62,0.31,-41686.99,-15094.27,22025.79,4
1,1,1,0,1,1,0.03,0.90,-0.29,-27535.22,-51386.36,52037.76,0
0,1,0,0,1,1,-0.66,0.94,-0.46,-31307.60,11708.44,-30949.69,3
0,1,1,0,1,1,0.66,0.89,-0.83,22035.34,42567.45,-28410.91,1
0,1,1,0,1,1,-0.76,0.81,-0.48,42798.90,-37513.76,49971.42,1
1,1,0,0,1,1,-0.59,0.85,0.05,43882.18,40911.52,6230.02,3
1,1,1,0,1,0,0.43,0.62,0.08,28549.30,51045.15,-38878.59,6
1,1,1,0,1,0,0.62,0.66,0.14,-50816.09,-66862.40,30890.04,6
1,1,0,0,1,1,-0.46,1.05,-0.11,-18506.34,-20136.03,-1231.21,3
0,1,0,0,1,1,-0.96,1.17,-0.67,13481.28,46683.42,9670.73,1
1,1,1,0,1,0,0.16,0.74,0.50,8962.07,36635.69,-31496.10,6
1,1,1,0,1,1,-0.26,0.98,-0.35,-23140.09,-78184.29,29327.16,0
1,1,1,0,1,1,-0.27,0.97,-0.30,-20589.38,78186.68,-18585.08,0
1,1,1,0,1,1,0.22,0.94,-0.22,-17466.02,55874.55,-37745.21,0
0,1,1,0,0,1,0.38,0.74,-0.48,-12199.97,-73965.72,35387.77,0
0,1,1,0,1,1,0.05,0.99,-0.64,-3975.19,-58861.91,30730.17,0
0,1,1,0,1,1,-0.36,1.05,-0.53,40186.16,-8620.86,51042.77,0
1,1,1,0,1,0,0.24,0.67,0.36,5681.23,78186.68,-60515.46,6
1,1,1,0,0,0,0.62,0.73,0.07,-25184.95,-38914.38,25550.02,6
1,1,1,0,1,1,-0.18,0.86,-0.22,-9501.32,-48842.81,55485.62,0
1,1,1,0,1,1,-0.25,0.98,0.26,-3407.31,32414.73,-28115.04,0
1,1,1,0,1,1,-0.23,0.77,-0.04,15051.32,53242.72,-20467.69,0
1,1,1,0,1,0,0.13,0.73,0.42,-4423.77,11462.67,-10241.00,6
1,1,1,0,1,1,-0.05,0.90,-0.32,-43648.34,-64419.06,24843.74,0
0,1,1,0,1,1,0.04,1.02,-0.47,-6070.16,-2288.24,1961.35,0
0,1,0,0,1,1,-1.18,1.16,-0.70,21369.63,17678.38,16029.60,1
1,1,1,0,1,1,0.18,0.70,0.14,-5208.79,64404.75,-49489.44,0

1,1,1,0,0,1,0.68,0.68,-0.37,-17878.81,-22591.29,8933.44,0
0,1,1,0,0,1,0.68,0.97,-0.34,18790.29,-37458.88,-3385.83,0
1,1,1,0,0,0,0.61,0.55,0.35,6160.83,-13755.68,10343.60,6
1,1,1,0,1,0,0.17,1.00,-0.05,-10866.15,-31245.56,24053.95,6
1,1,1,0,1,0,-0.16,0.95,0.15,-4225.73,37893.14,-48146.08,6
1,1,1,0,0,1,0.89,0.60,0.17,11863.53,6685.76,-9181.59,4
1,1,1,0,1,0,0.31,0.83,0.11,-2846.58,-30448.61,41610.64,6
1,1,1,0,1,0,0.18,0.94,0.24,-26015.30,3531.38,-24230.52,6
1,1,1,0,1,1,0.22,0.95,-0.18,-22276.33,-21488.93,31906.50,0
1,1,0,0,1,1,-0.40,1.07,-0.14,34920.11,4617.04,12235.76,3
1,1,1,0,1,1,-0.17,0.88,0.16,22860.92,54982.16,-32810.82,0
1,1,1,0,0,0,0.94,0.77,0.22,7210.70,-11119.08,-15344.80,4
1,1,1,0,1,0,-0.15,0.80,0.16,-12519.70,-38508.75,42693.91,6
1,1,0,0,1,1,-0.40,1.06,0.10,-28461.02,-17554.30,-8938.21,3
0,1,1,0,1,1,0.15,1.01,-0.76,-5614.42,30467.70,-12417.10,0
1,1,1,0,1,1,-0.17,0.97,-0.24,12075.89,2486.28,2056.79,0
0,1,1,0,1,1,0.25,0.85,-0.26,21097.61,25938.95,-53634.04,0
1,1,1,0,0,1,0.51,0.84,-0.09,5390.13,-21422.12,25545.24,0
1,1,1,0,1,1,0.16,1.02,-0.19,11033.18,-28766.44,39229.34,0
1,1,0,0,1,0,-0.38,0.96,0.23,-25354.36,33829.67,-27766.67,6
0,1,1,0,1,1,-0.03,0.98,-0.33,990.22,-1197.81,4774.52,0
1,1,0,0,1,1,-0.10,0.94,-0.19,4776.91,3972.80,-808.88,3
1,1,1,0,1,1,-0.05,1.02,-0.13,2686.71,-942.50,-1162.02,0
1,1,1,0,1,1,0.01,0.97,-0.13,806.49,-1262.23,-121.69,0
1,1,1,0,1,1,-0.04,0.98,-0.15,2075.88,162.25,-503.46,0
1,1,1,0,1,1,-0.02,0.97,-0.16,3254.60,584.59,-1562.87,0
1,1,1,0,1,1,-0.04,0.98,-0.10,4576.48,-706.28,-245.76,0
1,1,1,0,1,1,-0.01,1.06,-0.12,2519.69,-8155.58,8892.87,0
1,1,1,1,1,1,-0.22,0.74,0.31,36394.70,69036.10,-30672.90,0
1,1,1,0,1,0,0.42,0.80,0.20,15724.19,-33008.86,3891.68,6
1,1,1,0,1,0,0.28,0.70,1.02,-2963.50,15604.88,-11154.87,6
1,1,1,0,0,0,0.51,1.00,-0.18,-24698.19,8360.78,9618.24,6
1,1,1,0,1,0,-0.14,0.96,0.26,-13202.11,-37310.95,14385.60,6
1,1,1,0,1,1,-0.31,1.00,-0.26,-20224.31,-14247.21,-8045.82,0
1,1,1,0,1,1,0.15,0.98,-0.29,13643.54,75452.24,-16697.70,0
1,1,1,0,1,1,0.35,1.00,-0.35,-10627.55,-74808.01,7962.31,0
1,1,1,0,1,1,-0.03,0.97,-0.45,-29980.95,-20453.38,28456.25,0
1,1,0,0,1,1,-0.37,0.82,0.18,33762.86,20083.54,14748.29,3
1,1,0,0,1,1,-0.72,0.90,-0.10,-15404.46,18346.48,-59489.45,3
1,1,1,0,0,0,0.79,0.73,0.11,13746.14,2844.19,22834.67,4
1,1,1,0,1,1,-1.05,1.09,-0.33,-6585.55,-50472.50,65387.81,0
1,1,1,0,1,1,-0.43,0.83,-0.18,8320.22,55612.09,-78184.29,0
1,1,1,0,0,0,0.90,0.54,0.13,9224.54,25392.54,-18716.32,4
1,1,1,0,1,0,0.38,0.73,0.23,-4311.63,-46757.39,54297.36,6
1,1,1,0,1,1,-0.23,0.92,-0.17,-3383.44,-50510.67,49172.09,0
1,1,0,0,1,1,-0.43,0.80,0.33,-13502.76,-14869.98,-33199.75,3
0,1,0,0,1,1,-0.34,0.82,-0.45,-29243.65,-16879.04,-2128.37,3
1,1,0,0,1,1,-0.30,0.80,-0.37,5330.48,50713.49,-37752.37,3
0,1,1,0,1,1,-0.11,1.05,-0.71,21150.11,39019.37,-35344.82,0
1,1,1,0,1,1,0.90,0.82,-0.43,30467.70,-30021.51,-17644.97,0
1,1,1,0,1,0,0.02,0.76,0.15,-34247.23,-60389.00,33092.38,6
0,1,0,0,1,1,-0.47,1.23,-0.87,16723.95,-5428.30,23295.18,3
1,1,1,0,1,1,-0.11,0.70,0.29,37926.55,57714.21,-14352.20,0
1,1,1,0,1,0,0.40,0.70,0.34,-13765.23,25079.96,-24404.70,6
1,1,1,0,0,1,0.68,0.83,-0.04,-9365.32,-7936.06,20947.29,0
1,1,1,0,1,1,0.21,0.87,-0.16,-6325.47,-56294.50,52188.08,0
1,1,0,0,1,1,-0.86,0.96,-0.30,1682.18,-21097.61,49260.37,3
1,1,0,0,1,1,-0.43,0.78,-0.18,7022.20,26478.20,-1708.42,3
1,1,0,0,1,0,-0.51,0.68,0.17,-19875.95,-21457.91,-1775.23,6
1,1,0,0,1,1,-0.60,0.79,-0.38,1250.30,-15313.78,7707.00,3
1,1,0,0,1,1,-0.79,0.76,-0.44,18217.63,45771.94,-33130.55,0
1,1,1,0,1,1,0.06,0.89,-0.05,-3841.57,30928.21,-58217.67,0
1,1,1,0,0,1,0.66,0.88,-0.16,-12691.50,28811.77,-24540.71,0
0,1,1,0,0,1,0.72,0.82,-0.43,-4731.57,-18778.36,38897.68,1
1,1,1,0,1,1,-0.20,0.92,-0.32,5812.46,-52393.28,60911.54,0
1,1,0,0,1,1,-0.74,0.78,-0.19,-575.04,-21727.54,34676.73,3
1,1,0,0,1,1,-0.56,0.66,-0.60,-10439.05,-23593.44,-1290.86,0
0,1,0,0,1,1,-0.72,0.67,-0.50,25855.43,33502.78,-954.43,1
1,1,0,0,1,1,-0.43,0.84,-0.18,3063.71,32345.54,-36597.51,3
1,1,1,0,1,0,0.37,0.65,0.21,-28057.77,18489.64,-9654.03,6
0,1,0,0,1,1,0.04,0.97,-0.68,-956.81,-26201.41,32641.41,0
1,1,0,0,1,1,-0.72,0.84,0.14,24273.47,30613.25,-18463.39,3
1,1,1,0,1,0,0.36,0.75,0.25,-16659.53,29105.26,-16222.88,6
0,1,1,0,1,1,0.06,1.01,-0.77,-17735.64,-31162.05,34733.99,0
1,1,0,0,1,1,-0.65,1.11,-0.22,44373.71,-2741.59,25156.31,3
1,1,1,0,1,0,-0.26,0.68,0.29,33934.66,36003.38,-21278.96,6
1,1,1,0,1,0,0.02,0.70,0.64,5750.42,7041.29,-5595.33,6
1,1,1,0,1,1,0.13,1.09,-0.12,-32732.08,-9339.07,10827.98,0
1,1,1,0,1,0,0.03,0.80,0.26,60341.27,27950.40,-4201.87,6
1,1,1,0,1,0,0.27,0.65,0.64,-38828.48,-95.44,-17613.95,6
1,1,1,0,0,1,0.41,1.08,-0.57,-25509.45,54896.27,-38055.40,0
1,1,1,0,0,1,0.57,0.72,0.05,45130.09,-26738.28,3089.96,0
1,1,1,0,0,1,0.80,0.57,0.29,30825.61,-16626.12,-668.10,4
1,1,1,0,1,1,0.39,0.78,0.52,-40336.48,-12572.19,20198.07,0
1,1,1,0,1,1,-0.04,1.19,-0.22,6163.21,-25798.17,21861.15,0
1,1,1,0,1,0,0.11,0.81,0.45,35860.21,13290.40,-10023.87,6
1,1,1,0,1,0,0.09,0.69,0.12,-61799.16,-37647.38,13142.46,6
1,1,1,0,1,1,-0.08,0.93,-0.69,-8744.94,-28384.66,39553.85,0
0,1,0,0,1,1,-0.52,0.56,-0.53,-11558.11,44867.62,-59799.64,1
0,1,0,0,1,1,-0.37,0.99,-0.43,28291.61,16344.57,-42744.02,3
0,1,1,0,0,1,0.63,0.71,-0.36,31467.46,2417.09,-58291.64,1
1,1,1,0,0,1,0.66,0.73,-0.10,28759.28,-33536.19,14380.83,0
1,1,1,0,0,0,0.51,0.56,0.50,35230.29,-16790.76,10524.95,6
1,1,1,0,0,0,0.81,0.49,0.59,-18482.48,7158.20,-12743.99,4
1,1,1,0,1,0,0.35,0.79,0.35,-31484.17,-43987.16,32646.18,6
1,1,1,0,1,1,-0.14,1.11,-0.06,-30866.18,-18642.35,26666.70,0
1,1,0,0,1,1,-0.55,1.09,-0.29,517.78,2078.27,16561.70,3
1,1,1,0,1,1,-0.16,0.85,-0.06,25604.90,60572.72,-34800.80,0
1,1,1,0,0,0,0.69,0.69,0.30,12018.62,18508.73,-38859.50,6
1,1,1,0,0,0,0.91,0.50,0.34,-16020.06,-15471.26,37389.69,4
1,1,1,0,1,0,0.22,0.99,0.01,-9129.10,-25800.55,35965.20,6
1,1,1,0,1,1,-0.20,0.96,0.01,2562.64,-22254.86,20613.24,0
1,1,0,0,1,1,-0.53,0.93,-0.30,13366.75,-30818.46,30603.71,3
1,1,0,0,1,1,-0.45,0.89,0.03,34977.37,57933.73,-21383.94,3
1,1,1,0,1,0,-0.13,0.58,0.64,-34311.66,-15478.42,-16380.36,6
1,1,1,0,1,1,0.27,0.74,-0.64,-55409.27,-11014.09,34104.07,0
0,1,0,0,1,1,-0.43,0.96,-0.62,22727.30,-11467.44,25246.99,3
1,1,0,0,1,1,-0.54,0.97,-0.27,5748.04,-12044.87,2412.31,3
0,1,1,0,1,1,-0.03,0.79,-0.35,24617.06,50076.41,-73464.65,0
1,1,1,0,1,1,0.13,1.11,-0.44,-10169.42,17974.25,-2970.65,0
0,1,1,0,0,1,0.64,0.84,-0.36,4674.31,51374.43,-20171.82,0
1,1,1,0,0,1,0.35,0.77,-0.20,-46144.17,-23727.06,19661.20,0
0,1,1,0,0,1,0.47,0.75,-0.80,1808.64,-37053.25,45111.00,1
0,1,1,0,1,1,-0.14,0.99,-0.47,54722.08,1374.38,43011.26,0
1,1,1,0,1,1,-0.22,0.92,-0.13,53299.99,53025.59,-10849.45,0
1,1,1,0,1,0,0.50,0.74,0.39,6497.26,40097.87,-28029.14,6
1,1,1,0,1,0,0.37,0.84,0.21,-14974.96,52791.75,-3245.05,6
1,1,1,0,0,0,0.70,0.85,-0.03,-5146.75,-16967.33,8308.29,6
1,1,1,0,1,1,0.14,0.92,-0.06,-10813.66,-59959.50,53135.35,0
1,1,0,0,1,1,-0.54,0.81,-0.03,-8668.58,-21527.11,31030.81,3

1,1,0,0,1,1,-0.82,0.93,-0.42,-18064.92,-937.72,-22560.27,3
0,1,1,0,1,1,0.01,0.79,-0.46,-12722.51,35762.39,-54285.43,0
0,1,1,0,1,1,0.30,0.72,-0.79,-20474.85,-6876.65,11014.09,1
0,1,1,0,1,1,-0.02,0.77,-0.83,10627.55,-16012.90,33929.89,1
0,1,0,0,1,1,-0.47,0.97,-0.34,47640.23,18387.04,-5903.13,3
1,1,1,0,1,1,0.06,0.92,-0.26,-7420.67,31178.75,-58570.81,0
0,1,1,0,0,1,0.84,0.76,-0.43,22970.68,11052.27,-29875.96,1
1,1,1,0,0,1,0.54,0.80,-0.09,34800.80,-26409.00,14970.19,0
1,1,1,0,1,0,0.15,0.72,0.46,-25810.10,-29754.27,13746.14,6
1,1,1,0,0,1,0.64,0.78,-0.38,-15325.71,38756.90,-39859.27,0
1,1,1,0,0,1,0.54,0.86,-0.23,-8604.16,-17838.24,31240.79,0
0,1,1,0,1,1,0.13,1.03,-0.31,-2202.34,-17516.13,40854.26,0
1,1,1,0,1,1,-0.35,1.15,-0.27,13206.89,-18568.38,17539.99,0
1,1,0,0,1,1,-0.08,0.92,-0.32,245.76,572.66,3805.78,3
1,1,0,0,1,1,-0.28,0.89,-0.23,386.54,3015.99,-3266.53,3
1,1,0,0,1,1,-0.15,0.97,-0.24,3120.98,427.11,-3526.61,3
1,1,0,0,1,1,-0.12,0.97,-0.24,1417.32,-40.56,-479.60,3
1,1,0,0,1,1,-0.13,0.97,-0.25,5728.95,-243.38,33.40,3
1,1,0,0,1,1,-0.10,0.99,-0.25,1355.29,1309.95,-2431.40,3
1,1,0,0,1,1,-0.10,0.95,-0.25,1343.36,696.73,119.30,3
1,1,0,0,1,1,-0.09,0.98,-0.25,3070.87,-474.83,658.55,3
1,1,0,0,1,1,-0.13,1.00,-0.22,6043.91,-7.16,2171.32,3
1,1,1,0,1,1,0.10,0.77,-0.09,12660.48,46626.16,-44020.57,0
1,1,1,0,1,0,0.32,0.77,0.09,-23598.21,-17969.48,24376.07,6
1,1,1,0,1,1,-0.01,0.87,-0.55,-1068.96,-27205.95,35786.25,0
1,1,0,0,1,1,-0.56,1.09,-0.34,44149.42,21109.54,-8387.03,3
1,1,1,0,1,0,0.32,0.74,0.02,40634.74,22507.78,-29124.35,6
1,1,1,0,1,0,0.65,0.90,0.24,-23827.28,41126.27,-6805.07,6
1,1,1,0,0,1,0.70,0.80,-0.12,45.34,26199.03,-21090.46,0
1,1,1,0,1,0,0.07,0.94,0.42,10615.62,-47800.10,31510.41,6
1,1,1,0,1,1,0.10,0.72,-0.31,-73183.09,-6972.09,-13147.23,0
0,1,1,0,0,1,0.58,0.89,-0.55,64466.79,15948.48,-22011.48,0
1,1,1,0,0,1,0.84,0.54,0.13,63037.53,-2588.88,-18067.31,4
1,1,1,0,1,0,0.57,0.55,0.51,-42639.04,-22192.82,10145.56,6
1,1,1,0,1,1,0.01,0.88,-0.25,-33478.92,-63917.99,40138.44,0
1,1,0,0,1,1,-0.78,0.94,-0.34,-21868.31,-19382.03,15874.51,3
0,1,1,0,1,1,0.04,0.89,-0.56,3221.19,50379.44,-77399.27,0
1,1,1,0,0,1,0.44,0.69,-0.26,7470.78,-19508.49,29844.94,0
1,1,1,0,1,1,0.34,0.77,-0.05,57664.11,2493.44,-10641.86,0
1,1,1,0,1,0,-0.02,0.66,1.05,-3471.73,2040.09,-11503.23,6
1,1,1,0,1,1,0.19,0.63,-0.34,-78184.29,-2822.72,1345.74,0
0,1,1,0,1,1,0.08,1.05,-1.02,-5581.01,3271.30,2383.68,0
1,1,1,0,1,1,0.05,0.76,-0.36,78186.68,20899.57,-1481.75,0
1,1,1,0,1,0,-0.14,0.59,0.88,29026.52,57227.45,-38549.32,6
1,1,1,0,0,1,0.80,0.40,-0.03,-37241.75,-8193.76,-24032.48,4
1,1,1,0,1,0,0.34,0.72,0.06,-23743.76,-45812.50,70510.70,6
1,1,0,0,1,1,-1.01,1.13,-0.14,15769.52,-403.25,31295.67,3
1,1,1,0,1,1,-0.36,0.69,-0.14,17007.89,49014.61,-78184.29,0
1,1,1,0,0,1,1.13,0.48,0.17,1842.04,291.10,3070.87,4
1,1,1,0,1,1,0.26,0.71,-0.25,-19398.73,-54139.88,78186.68,0
1,1,0,0,1,1,-1.01,0.86,0.17,20639.49,5184.93,19642.11,0
1,1,0,0,1,1,-0.46,0.89,-0.11,22853.76,49136.30,-37893.14,3
1,1,1,0,1,0,0.38,0.93,-0.04,36881.45,42288.28,-26747.82,6
1,1,1,0,1,0,0.54,0.62,0.31,-16697.70,20202.84,-11570.04,6
1,1,1,0,0,1,0.63,0.80,-0.07,-19150.58,45538.11,23280.87,0
1,1,1,0,0,1,0.52,0.92,-0.33,-4189.94,-61481.81,40128.89,0
0,1,1,0,1,1,-0.23,1.04,-0.29,7162.98,-39990.50,35619.22,0
1,1,0,0,1,1,-0.77,0.66,0.30,9720.84,7131.96,-9458.37,0
1,1,1,0,1,1,-0.26,0.75,0.32,1935.10,39463.18,-36265.85,0
1,1,1,0,1,1,-0.16,1.16,-0.31,-24395.16,9148.18,-23440.73,0
1,1,1,0,1,1,0.39,0.76,-0.04,14247.21,20405.65,-48580.34,0
1,1,1,0,0,1,0.97,0.59,0.18,3712.72,-8969.23,10780.25,4
1,1,1,0,1,0,0.14,1.02,-0.04,-7158.20,-27282.30,49584.88,6
1,1,1,0,1,0,-0.29,1.12,0.29,1713.20,22982.61,-30093.09,6
1,1,1,0,0,1,0.81,0.59,-0.26,-9918.88,31061.83,-53097.17,4
1,1,1,0,0,1,0.68,0.66,-0.02,-1469.82,-34252.01,53268.97,4
1,1,1,0,1,1,0.22,0.98,-0.07,-5340.02,-20195.68,42992.17,0
1,1,1,0,1,1,-0.65,0.86,-0.10,-5499.89,-43581.53,43767.64,0
1,1,0,0,1,1,-0.98,0.91,-0.05,8551.67,34953.51,-37120.06,0
1,1,1,0,1,1,-0.24,1.19,-0.29,4607.50,23970.44,-22670.03,0
1,1,1,0,1,0,0.01,0.42,0.59,63054.23,-9623.01,-6826.54,6
1,1,1,0,1,0,0.22,0.60,0.34,-67478.00,-8305.90,-6616.57,6
1,1,1,0,1,1,0.19,0.79,-0.23,-41927.99,-16055.85,7217.86,0
0,1,1,0,0,1,0.96,0.94,-0.58,16821.78,16948.24,-20465.30,1
0,1,1,0,1,1,0.12,1.04,-0.44,46747.84,1982.82,33159.19,0
1,1,1,0,1,1,0.31,0.81,-0.06,32207.15,-25032.24,43011.26,0
1,1,0,0,1,1,-0.52,0.93,-0.03,-10668.11,-8141.26,-30985.48,3
1,1,1,0,1,1,0.24,0.84,-0.15,18439.53,41791.98,-57353.92,0
1,1,1,0,1,0,0.59,0.79,0.13,7716.54,-34674.34,25714.65,6
1,1,1,0,1,1,-0.07,0.94,0.02,-7234.56,-36356.52,53362.02,0
1,1,0,0,1,1,-0.69,0.72,0.15,-527.32,-5984.26,16435.24,3
1,1,1,0,1,1,-0.19,0.86,-0.21,-1939.87,47874.07,-70491.61,0
1,1,1,0,1,1,0.27,0.86,-0.13,12526.86,20391.34,-45588.21,0
1,1,1,0,0,0,0.44,0.82,-0.02,-345.98,-7878.80,43574.37,6
1,1,1,0,1,0,0.07,0.96,0.24,36630.91,-18320.23,11737.07,6
1,1,1,0,1,0,0.27,0.68,0.64,16776.44,26871.90,-15309.01,6
1,1,1,0,1,0,0.37,0.57,0.59,-35258.93,-33223.61,14901.00,6
1,1,1,0,1,1,-0.07,0.92,-0.13,-23056.57,-40842.32,29837.78,0
1,1,0,0,1,1,-0.53,0.93,-0.34,-34695.82,-13051.79,-2751.14,3
0,1,1,0,1,1,0.12,0.93,-0.86,-8842.77,22483.92,-43631.64,0
0,1,1,0,1,1,0.29,0.63,-0.55,10897.17,36320.73,-53354.87,0
0,1,1,0,0,1,0.31,0.82,-0.70,25798.17,-25664.55,51689.39,0
1,1,1,0,1,1,-0.29,0.92,-0.02,52825.16,-11410.18,30250.57,0
1,1,1,0,1,0,-0.21,0.73,0.64,-17458.86,8919.12,-13686.49,6
1,1,1,0,1,1,-0.01,0.90,-0.29,-62877.66,26657.15,-48966.89,0
0,1,1,0,0,1,0.68,0.83,-1.18,-15943.71,7964.69,-17769.05,1
0,1,1,0,1,1,0.27,0.71,-0.41,72507.84,-25118.14,47511.39,0
1,1,1,0,1,1,0.17,0.95,0.08,35764.77,23123.38,-28153.22,0
1,1,1,0,0,0,0.58,0.68,0.16,-16349.34,25017.92,-7084.24,6
1,1,1,0,1,0,0.11,0.80,0.10,-36015.31,-43552.90,53066.15,6
1,1,1,0,1,1,-0.32,1.20,-0.35,-2421.86,-24717.28,12510.15,0
0,1,1,0,1,1,0.11,0.81,-0.30,26122.67,48902.46,-63020.83,0
1,1,1,0,0,1,0.77,0.82,-0.10,-8857.08,-9565.75,18496.80,0
1,1,1,0,1,1,-0.17,0.94,-0.20,-1989.98,-34836.59,47060.42,0
1,1,0,0,1,1,-0.54,0.90,0.04,11865.92,-19420.21,30157.51,3
1,1,0,0,1,1,-0.91,1.07,-0.19,-847.05,16783.60,-34297.34,3
1,1,1,0,1,0,0.41,0.59,0.21,-21584.37,-10995.00,9718.46,6
0,1,0,0,1,1,-0.77,0.96,-0.93,9723.23,-35585.82,52185.69,1
1,1,0,0,1,1,-0.81,0.92,0.06,26972.11,52111.73,-21963.76,3
1,1,1,0,1,0,-0.33,0.75,0.43,-19317.61,5516.59,-11469.83,6
1,1,1,0,1,1,0.41,0.93,-0.26,7890.73,29704.16,-28978.79,0
1,1,1,0,0,1,0.70,1.03,-0.34,31100.01,-796.95,-28375.12,0
1,1,1,0,1,0,0.18,0.77,0.33,-35767.16,-53302.37,23765.24,6
1,1,1,0,1,1,-0.11,0.94,-0.29,-35917.48,-26105.97,22009.09,0
1,1,0,0,1,1,-0.50,0.97,-0.39,30782.66,-12040.10,24034.86,3
1,1,1,0,1,0,-0.03,0.63,0.41,13378.68,62906.30,-18888.12,6
1,1,1,0,1,0,0.34,0.72,0.14,-35528.55,54703.00,-10532.10,6
1,1,1,0,1,1,0.26,0.76,-0.37,-11562.89,-78184.29,44209.07,0
1,1,0,0,1,1,-0.35,0.90,0.00,11942.27,-34259.16,23342.90,3
1,1,0,0,1,1,-0.31,0.60,-0.01,-13438.33,2746.36,23662.64,3

